{
    "version": 1,
    "models": {
        "UserProfile": {
            "name": "UserProfile",
            "fields": {
                "id": {
                    "name": "id",
                    "isArray": false,
                    "type": "ID",
                    "isRequired": true,
                    "attributes": []
                },
                "userId": {
                    "name": "userId",
                    "isArray": false,
                    "type": "ID",
                    "isRequired": true,
                    "attributes": []
                },
                "firstName": {
                    "name": "firstName",
                    "isArray": false,
                    "type": "String",
                    "isRequired": true,
                    "attributes": []
                },
                "lastName": {
                    "name": "lastName",
                    "isArray": false,
                    "type": "String",
                    "isRequired": true,
                    "attributes": []
                },
                "email": {
                    "name": "email",
                    "isArray": false,
                    "type": "AWSEmail",
                    "isRequired": true,
                    "attributes": []
                },
                "createdAt": {
                    "name": "createdAt",
                    "isArray": false,
                    "type": "AWSDateTime",
                    "isRequired": false,
                    "attributes": []
                },
                "updatedAt": {
                    "name": "updatedAt",
                    "isArray": false,
                    "type": "AWSDateTime",
                    "isRequired": false,
                    "attributes": []
                }
            },
            "syncable": true,
            "pluralName": "UserProfiles",
            "attributes": [
                {
                    "type": "model",
                    "properties": {}
                },
                {
                    "type": "auth",
                    "properties": {
                        "rules": [
                            {
                                "provider": "userPools",
                                "ownerField": "owner",
                                "allow": "owner",
                                "identityClaim": "cognito:username",
                                "operations": [
                                    "create",
                                    "update",
                                    "delete",
                                    "read"
                                ]
                            }
                        ]
                    }
                }
            ],
            "primaryKeyInfo": {
                "isCustomPrimaryKey": false,
                "primaryKeyFieldName": "id",
                "sortKeyFieldNames": []
            }
        },
        "Exercise": {
            "name": "Exercise",
            "fields": {
                "id": {
                    "name": "id",
                    "isArray": false,
                    "type": "ID",
                    "isRequired": true,
                    "attributes": []
                },
                "title": {
                    "name": "title",
                    "isArray": false,
                    "type": "String",
                    "isRequired": true,
                    "attributes": []
                },
                "description": {
                    "name": "description",
                    "isArray": false,
                    "type": "String",
                    "isRequired": true,
                    "attributes": []
                },
                "category": {
                    "name": "category",
                    "isArray": false,
                    "type": {
                        "enum": "ExerciseCategory"
                    },
                    "isRequired": false,
                    "attributes": []
                },
                "question": {
                    "name": "question",
                    "isArray": false,
                    "type": "String",
                    "isRequired": true,
                    "attributes": []
                },
                "promptType": {
                    "name": "promptType",
                    "isArray": false,
                    "type": {
                        "enum": "ExercisePromptType"
                    },
                    "isRequired": false,
                    "attributes": []
                },
                "isActive": {
                    "name": "isActive",
                    "isArray": false,
                    "type": "Boolean",
                    "isRequired": false,
                    "attributes": []
                },
                "order": {
                    "name": "order",
                    "isArray": false,
                    "type": "Int",
                    "isRequired": false,
                    "attributes": []
                },
                "createdAt": {
                    "name": "createdAt",
                    "isArray": false,
                    "type": "AWSDateTime",
                    "isRequired": false,
                    "attributes": []
                },
                "responses": {
                    "name": "responses",
                    "isArray": true,
                    "type": {
                        "model": "ExerciseResponse"
                    },
                    "isRequired": false,
                    "attributes": [],
                    "isArrayNullable": true,
                    "association": {
                        "connectionType": "HAS_MANY",
                        "associatedWith": [
                            "exerciseId"
                        ]
                    }
                },
                "mediaAssets": {
                    "name": "mediaAssets",
                    "isArray": true,
                    "type": {
                        "model": "MediaAsset"
                    },
                    "isRequired": false,
                    "attributes": [],
                    "isArrayNullable": true,
                    "association": {
                        "connectionType": "HAS_MANY",
                        "associatedWith": [
                            "exerciseId"
                        ]
                    }
                },
                "userProgress": {
                    "name": "userProgress",
                    "isArray": true,
                    "type": {
                        "model": "UserProgress"
                    },
                    "isRequired": false,
                    "attributes": [],
                    "isArrayNullable": true,
                    "association": {
                        "connectionType": "HAS_MANY",
                        "associatedWith": [
                            "exerciseId"
                        ]
                    }
                },
                "updatedAt": {
                    "name": "updatedAt",
                    "isArray": false,
                    "type": "AWSDateTime",
                    "isRequired": false,
                    "attributes": [],
                    "isReadOnly": true
                }
            },
            "syncable": true,
            "pluralName": "Exercises",
            "attributes": [
                {
                    "type": "model",
                    "properties": {}
                },
                {
                    "type": "auth",
                    "properties": {
                        "rules": [
                            {
                                "allow": "private",
                                "operations": [
                                    "read"
                                ]
                            }
                        ]
                    }
                }
            ],
            "primaryKeyInfo": {
                "isCustomPrimaryKey": false,
                "primaryKeyFieldName": "id",
                "sortKeyFieldNames": []
            }
        },
        "ExerciseResponse": {
            "name": "ExerciseResponse",
            "fields": {
                "id": {
                    "name": "id",
                    "isArray": false,
                    "type": "ID",
                    "isRequired": true,
                    "attributes": []
                },
                "exerciseId": {
                    "name": "exerciseId",
                    "isArray": false,
                    "type": "ID",
                    "isRequired": true,
                    "attributes": []
                },
                "userId": {
                    "name": "userId",
                    "isArray": false,
                    "type": "ID",
                    "isRequired": true,
                    "attributes": []
                },
                "responseText": {
                    "name": "responseText",
                    "isArray": false,
                    "type": "String",
                    "isRequired": false,
                    "attributes": []
                },
                "audioS3Key": {
                    "name": "audioS3Key",
                    "isArray": false,
                    "type": "String",
                    "isRequired": false,
                    "attributes": []
                },
                "videoS3Key": {
                    "name": "videoS3Key",
                    "isArray": false,
                    "type": "String",
                    "isRequired": false,
                    "attributes": []
                },
                "imageS3Keys": {
                    "name": "imageS3Keys",
                    "isArray": true,
                    "type": "String",
                    "isRequired": false,
                    "attributes": [],
                    "isArrayNullable": true
                },
                "s3Bucket": {
                    "name": "s3Bucket",
                    "isArray": false,
                    "type": "String",
                    "isRequired": false,
                    "attributes": []
                },
                "analysisResult": {
                    "name": "analysisResult",
                    "isArray": false,
                    "type": "AWSJSON",
                    "isRequired": false,
                    "attributes": []
                },
                "insights": {
                    "name": "insights",
                    "isArray": false,
                    "type": "String",
                    "isRequired": false,
                    "attributes": []
                },
                "mood": {
                    "name": "mood",
                    "isArray": false,
                    "type": "String",
                    "isRequired": false,
                    "attributes": []
                },
                "tags": {
                    "name": "tags",
                    "isArray": true,
                    "type": "String",
                    "isRequired": false,
                    "attributes": [],
                    "isArrayNullable": true
                },
                "completionTime": {
                    "name": "completionTime",
                    "isArray": false,
                    "type": "Int",
                    "isRequired": false,
                    "attributes": []
                },
                "confidence": {
                    "name": "confidence",
                    "isArray": false,
                    "type": "Int",
                    "isRequired": false,
                    "attributes": []
                },
                "createdAt": {
                    "name": "createdAt",
                    "isArray": false,
                    "type": "AWSDateTime",
                    "isRequired": false,
                    "attributes": []
                },
                "updatedAt": {
                    "name": "updatedAt",
                    "isArray": false,
                    "type": "AWSDateTime",
                    "isRequired": false,
                    "attributes": []
                },
                "exercise": {
                    "name": "exercise",
                    "isArray": false,
                    "type": {
                        "model": "Exercise"
                    },
                    "isRequired": false,
                    "attributes": [],
                    "association": {
                        "connectionType": "BELONGS_TO",
                        "targetNames": [
                            "exerciseId"
                        ]
                    }
                },
                "playbookEntries": {
                    "name": "playbookEntries",
                    "isArray": true,
                    "type": {
                        "model": "PlaybookEntry"
                    },
                    "isRequired": false,
                    "attributes": [],
                    "isArrayNullable": true,
                    "association": {
                        "connectionType": "HAS_MANY",
                        "associatedWith": [
                            "exerciseResponseId"
                        ]
                    }
                },
                "mediaAssets": {
                    "name": "mediaAssets",
                    "isArray": true,
                    "type": {
                        "model": "MediaAsset"
                    },
                    "isRequired": false,
                    "attributes": [],
                    "isArrayNullable": true,
                    "association": {
                        "connectionType": "HAS_MANY",
                        "associatedWith": [
                            "exerciseResponseId"
                        ]
                    }
                }
            },
            "syncable": true,
            "pluralName": "ExerciseResponses",
            "attributes": [
                {
                    "type": "model",
                    "properties": {}
                },
                {
                    "type": "auth",
                    "properties": {
                        "rules": [
                            {
                                "provider": "userPools",
                                "ownerField": "owner",
                                "allow": "owner",
                                "identityClaim": "cognito:username",
                                "operations": [
                                    "create",
                                    "update",
                                    "delete",
                                    "read"
                                ]
                            }
                        ]
                    }
                }
            ],
            "primaryKeyInfo": {
                "isCustomPrimaryKey": false,
                "primaryKeyFieldName": "id",
                "sortKeyFieldNames": []
            }
        },
        "PlaybookEntry": {
            "name": "PlaybookEntry",
            "fields": {
                "id": {
                    "name": "id",
                    "isArray": false,
                    "type": "ID",
                    "isRequired": true,
                    "attributes": []
                },
                "userId": {
                    "name": "userId",
                    "isArray": false,
                    "type": "ID",
                    "isRequired": true,
                    "attributes": []
                },
                "exerciseResponseId": {
                    "name": "exerciseResponseId",
                    "isArray": false,
                    "type": "ID",
                    "isRequired": false,
                    "attributes": []
                },
                "title": {
                    "name": "title",
                    "isArray": false,
                    "type": "String",
                    "isRequired": true,
                    "attributes": []
                },
                "content": {
                    "name": "content",
                    "isArray": false,
                    "type": "String",
                    "isRequired": true,
                    "attributes": []
                },
                "category": {
                    "name": "category",
                    "isArray": false,
                    "type": "String",
                    "isRequired": true,
                    "attributes": []
                },
                "insights": {
                    "name": "insights",
                    "isArray": false,
                    "type": "String",
                    "isRequired": false,
                    "attributes": []
                },
                "audioS3Keys": {
                    "name": "audioS3Keys",
                    "isArray": true,
                    "type": "String",
                    "isRequired": false,
                    "attributes": [],
                    "isArrayNullable": true
                },
                "videoS3Keys": {
                    "name": "videoS3Keys",
                    "isArray": true,
                    "type": "String",
                    "isRequired": false,
                    "attributes": [],
                    "isArrayNullable": true
                },
                "imageS3Keys": {
                    "name": "imageS3Keys",
                    "isArray": true,
                    "type": "String",
                    "isRequired": false,
                    "attributes": [],
                    "isArrayNullable": true
                },
                "documentS3Keys": {
                    "name": "documentS3Keys",
                    "isArray": true,
                    "type": "String",
                    "isRequired": false,
                    "attributes": [],
                    "isArrayNullable": true
                },
                "s3Bucket": {
                    "name": "s3Bucket",
                    "isArray": false,
                    "type": "String",
                    "isRequired": false,
                    "attributes": []
                },
                "mood": {
                    "name": "mood",
                    "isArray": false,
                    "type": "String",
                    "isRequired": false,
                    "attributes": []
                },
                "tags": {
                    "name": "tags",
                    "isArray": true,
                    "type": "String",
                    "isRequired": false,
                    "attributes": [],
                    "isArrayNullable": true
                },
                "isHighlight": {
                    "name": "isHighlight",
                    "isArray": false,
                    "type": "Boolean",
                    "isRequired": false,
                    "attributes": []
                },
                "viewCount": {
                    "name": "viewCount",
                    "isArray": false,
                    "type": "Int",
                    "isRequired": false,
                    "attributes": []
                },
                "lastViewedAt": {
                    "name": "lastViewedAt",
                    "isArray": false,
                    "type": "AWSDateTime",
                    "isRequired": false,
                    "attributes": []
                },
                "createdAt": {
                    "name": "createdAt",
                    "isArray": false,
                    "type": "AWSDateTime",
                    "isRequired": false,
                    "attributes": []
                },
                "updatedAt": {
                    "name": "updatedAt",
                    "isArray": false,
                    "type": "AWSDateTime",
                    "isRequired": false,
                    "attributes": []
                },
                "exerciseResponse": {
                    "name": "exerciseResponse",
                    "isArray": false,
                    "type": {
                        "model": "ExerciseResponse"
                    },
                    "isRequired": false,
                    "attributes": [],
                    "association": {
                        "connectionType": "BELONGS_TO",
                        "targetNames": [
                            "exerciseResponseId"
                        ]
                    }
                },
                "mediaAssets": {
                    "name": "mediaAssets",
                    "isArray": true,
                    "type": {
                        "model": "MediaAsset"
                    },
                    "isRequired": false,
                    "attributes": [],
                    "isArrayNullable": true,
                    "association": {
                        "connectionType": "HAS_MANY",
                        "associatedWith": [
                            "playbookEntryId"
                        ]
                    }
                }
            },
            "syncable": true,
            "pluralName": "PlaybookEntries",
            "attributes": [
                {
                    "type": "model",
                    "properties": {}
                },
                {
                    "type": "auth",
                    "properties": {
                        "rules": [
                            {
                                "provider": "userPools",
                                "ownerField": "owner",
                                "allow": "owner",
                                "identityClaim": "cognito:username",
                                "operations": [
                                    "create",
                                    "update",
                                    "delete",
                                    "read"
                                ]
                            }
                        ]
                    }
                }
            ],
            "primaryKeyInfo": {
                "isCustomPrimaryKey": false,
                "primaryKeyFieldName": "id",
                "sortKeyFieldNames": []
            }
        },
        "UserInsights": {
            "name": "UserInsights",
            "fields": {
                "id": {
                    "name": "id",
                    "isArray": false,
                    "type": "ID",
                    "isRequired": true,
                    "attributes": []
                },
                "userId": {
                    "name": "userId",
                    "isArray": false,
                    "type": "ID",
                    "isRequired": true,
                    "attributes": []
                },
                "overallMood": {
                    "name": "overallMood",
                    "isArray": false,
                    "type": "String",
                    "isRequired": false,
                    "attributes": []
                },
                "growthAreas": {
                    "name": "growthAreas",
                    "isArray": true,
                    "type": "String",
                    "isRequired": false,
                    "attributes": [],
                    "isArrayNullable": true
                },
                "strengths": {
                    "name": "strengths",
                    "isArray": true,
                    "type": "String",
                    "isRequired": false,
                    "attributes": [],
                    "isArrayNullable": true
                },
                "recommendations": {
                    "name": "recommendations",
                    "isArray": true,
                    "type": "String",
                    "isRequired": false,
                    "attributes": [],
                    "isArrayNullable": true
                },
                "progressMetrics": {
                    "name": "progressMetrics",
                    "isArray": false,
                    "type": "AWSJSON",
                    "isRequired": false,
                    "attributes": []
                },
                "lastUpdated": {
                    "name": "lastUpdated",
                    "isArray": false,
                    "type": "AWSDateTime",
                    "isRequired": false,
                    "attributes": []
                },
                "totalExercisesCompleted": {
                    "name": "totalExercisesCompleted",
                    "isArray": false,
                    "type": "Int",
                    "isRequired": false,
                    "attributes": []
                },
                "streakDays": {
                    "name": "streakDays",
                    "isArray": false,
                    "type": "Int",
                    "isRequired": false,
                    "attributes": []
                },
                "lastExerciseDate": {
                    "name": "lastExerciseDate",
                    "isArray": false,
                    "type": "AWSDateTime",
                    "isRequired": false,
                    "attributes": []
                },
                "createdAt": {
                    "name": "createdAt",
                    "isArray": false,
                    "type": "AWSDateTime",
                    "isRequired": false,
                    "attributes": [],
                    "isReadOnly": true
                },
                "updatedAt": {
                    "name": "updatedAt",
                    "isArray": false,
                    "type": "AWSDateTime",
                    "isRequired": false,
                    "attributes": [],
                    "isReadOnly": true
                }
            },
            "syncable": true,
            "pluralName": "UserInsights",
            "attributes": [
                {
                    "type": "model",
                    "properties": {}
                },
                {
                    "type": "auth",
                    "properties": {
                        "rules": [
                            {
                                "provider": "userPools",
                                "ownerField": "owner",
                                "allow": "owner",
                                "identityClaim": "cognito:username",
                                "operations": [
                                    "create",
                                    "update",
                                    "delete",
                                    "read"
                                ]
                            }
                        ]
                    }
                }
            ],
            "primaryKeyInfo": {
                "isCustomPrimaryKey": false,
                "primaryKeyFieldName": "id",
                "sortKeyFieldNames": []
            }
        },
        "MediaAsset": {
            "name": "MediaAsset",
            "fields": {
                "id": {
                    "name": "id",
                    "isArray": false,
                    "type": "ID",
                    "isRequired": true,
                    "attributes": []
                },
                "userId": {
                    "name": "userId",
                    "isArray": false,
                    "type": "ID",
                    "isRequired": true,
                    "attributes": []
                },
                "s3Key": {
                    "name": "s3Key",
                    "isArray": false,
                    "type": "String",
                    "isRequired": true,
                    "attributes": []
                },
                "s3Bucket": {
                    "name": "s3Bucket",
                    "isArray": false,
                    "type": "String",
                    "isRequired": true,
                    "attributes": []
                },
                "fileName": {
                    "name": "fileName",
                    "isArray": false,
                    "type": "String",
                    "isRequired": true,
                    "attributes": []
                },
                "fileType": {
                    "name": "fileType",
                    "isArray": false,
                    "type": "String",
                    "isRequired": true,
                    "attributes": []
                },
                "fileSize": {
                    "name": "fileSize",
                    "isArray": false,
                    "type": "Int",
                    "isRequired": true,
                    "attributes": []
                },
                "mimeType": {
                    "name": "mimeType",
                    "isArray": false,
                    "type": "String",
                    "isRequired": true,
                    "attributes": []
                },
                "exerciseId": {
                    "name": "exerciseId",
                    "isArray": false,
                    "type": "ID",
                    "isRequired": false,
                    "attributes": []
                },
                "exerciseResponseId": {
                    "name": "exerciseResponseId",
                    "isArray": false,
                    "type": "ID",
                    "isRequired": false,
                    "attributes": []
                },
                "playbookEntryId": {
                    "name": "playbookEntryId",
                    "isArray": false,
                    "type": "ID",
                    "isRequired": false,
                    "attributes": []
                },
                "category": {
                    "name": "category",
                    "isArray": false,
                    "type": "String",
                    "isRequired": false,
                    "attributes": []
                },
                "tags": {
                    "name": "tags",
                    "isArray": true,
                    "type": "String",
                    "isRequired": false,
                    "attributes": [],
                    "isArrayNullable": true
                },
                "description": {
                    "name": "description",
                    "isArray": false,
                    "type": "String",
                    "isRequired": false,
                    "attributes": []
                },
                "uploadedAt": {
                    "name": "uploadedAt",
                    "isArray": false,
                    "type": "AWSDateTime",
                    "isRequired": true,
                    "attributes": []
                },
                "lastAccessedAt": {
                    "name": "lastAccessedAt",
                    "isArray": false,
                    "type": "AWSDateTime",
                    "isRequired": false,
                    "attributes": []
                },
                "accessCount": {
                    "name": "accessCount",
                    "isArray": false,
                    "type": "Int",
                    "isRequired": false,
                    "attributes": []
                },
                "exercise": {
                    "name": "exercise",
                    "isArray": false,
                    "type": {
                        "model": "Exercise"
                    },
                    "isRequired": false,
                    "attributes": [],
                    "association": {
                        "connectionType": "BELONGS_TO",
                        "targetNames": [
                            "exerciseId"
                        ]
                    }
                },
                "exerciseResponse": {
                    "name": "exerciseResponse",
                    "isArray": false,
                    "type": {
                        "model": "ExerciseResponse"
                    },
                    "isRequired": false,
                    "attributes": [],
                    "association": {
                        "connectionType": "BELONGS_TO",
                        "targetNames": [
                            "exerciseResponseId"
                        ]
                    }
                },
                "playbookEntry": {
                    "name": "playbookEntry",
                    "isArray": false,
                    "type": {
                        "model": "PlaybookEntry"
                    },
                    "isRequired": false,
                    "attributes": [],
                    "association": {
                        "connectionType": "BELONGS_TO",
                        "targetNames": [
                            "playbookEntryId"
                        ]
                    }
                },
                "createdAt": {
                    "name": "createdAt",
                    "isArray": false,
                    "type": "AWSDateTime",
                    "isRequired": false,
                    "attributes": [],
                    "isReadOnly": true
                },
                "updatedAt": {
                    "name": "updatedAt",
                    "isArray": false,
                    "type": "AWSDateTime",
                    "isRequired": false,
                    "attributes": [],
                    "isReadOnly": true
                }
            },
            "syncable": true,
            "pluralName": "MediaAssets",
            "attributes": [
                {
                    "type": "model",
                    "properties": {}
                },
                {
                    "type": "auth",
                    "properties": {
                        "rules": [
                            {
                                "provider": "userPools",
                                "ownerField": "owner",
                                "allow": "owner",
                                "identityClaim": "cognito:username",
                                "operations": [
                                    "create",
                                    "update",
                                    "delete",
                                    "read"
                                ]
                            }
                        ]
                    }
                }
            ],
            "primaryKeyInfo": {
                "isCustomPrimaryKey": false,
                "primaryKeyFieldName": "id",
                "sortKeyFieldNames": []
            }
        },
        "UserSession": {
            "name": "UserSession",
            "fields": {
                "id": {
                    "name": "id",
                    "isArray": false,
                    "type": "ID",
                    "isRequired": true,
                    "attributes": []
                },
                "userId": {
                    "name": "userId",
                    "isArray": false,
                    "type": "ID",
                    "isRequired": true,
                    "attributes": []
                },
                "sessionType": {
                    "name": "sessionType",
                    "isArray": false,
                    "type": {
                        "enum": "UserSessionSessionType"
                    },
                    "isRequired": false,
                    "attributes": []
                },
                "startTime": {
                    "name": "startTime",
                    "isArray": false,
                    "type": "AWSDateTime",
                    "isRequired": true,
                    "attributes": []
                },
                "endTime": {
                    "name": "endTime",
                    "isArray": false,
                    "type": "AWSDateTime",
                    "isRequired": false,
                    "attributes": []
                },
                "duration": {
                    "name": "duration",
                    "isArray": false,
                    "type": "Int",
                    "isRequired": false,
                    "attributes": []
                },
                "exerciseIds": {
                    "name": "exerciseIds",
                    "isArray": true,
                    "type": "String",
                    "isRequired": false,
                    "attributes": [],
                    "isArrayNullable": true
                },
                "mood": {
                    "name": "mood",
                    "isArray": false,
                    "type": "String",
                    "isRequired": false,
                    "attributes": []
                },
                "notes": {
                    "name": "notes",
                    "isArray": false,
                    "type": "String",
                    "isRequired": false,
                    "attributes": []
                },
                "completionStatus": {
                    "name": "completionStatus",
                    "isArray": false,
                    "type": {
                        "enum": "UserSessionCompletionStatus"
                    },
                    "isRequired": false,
                    "attributes": []
                },
                "metadata": {
                    "name": "metadata",
                    "isArray": false,
                    "type": "AWSJSON",
                    "isRequired": false,
                    "attributes": []
                },
                "createdAt": {
                    "name": "createdAt",
                    "isArray": false,
                    "type": "AWSDateTime",
                    "isRequired": false,
                    "attributes": [],
                    "isReadOnly": true
                },
                "updatedAt": {
                    "name": "updatedAt",
                    "isArray": false,
                    "type": "AWSDateTime",
                    "isRequired": false,
                    "attributes": [],
                    "isReadOnly": true
                }
            },
            "syncable": true,
            "pluralName": "UserSessions",
            "attributes": [
                {
                    "type": "model",
                    "properties": {}
                },
                {
                    "type": "auth",
                    "properties": {
                        "rules": [
                            {
                                "provider": "userPools",
                                "ownerField": "owner",
                                "allow": "owner",
                                "identityClaim": "cognito:username",
                                "operations": [
                                    "create",
                                    "update",
                                    "delete",
                                    "read"
                                ]
                            }
                        ]
                    }
                }
            ],
            "primaryKeyInfo": {
                "isCustomPrimaryKey": false,
                "primaryKeyFieldName": "id",
                "sortKeyFieldNames": []
            }
        },
        "UserProgress": {
            "name": "UserProgress",
            "fields": {
                "id": {
                    "name": "id",
                    "isArray": false,
                    "type": "ID",
                    "isRequired": true,
                    "attributes": []
                },
                "userId": {
                    "name": "userId",
                    "isArray": false,
                    "type": "ID",
                    "isRequired": true,
                    "attributes": []
                },
                "exerciseId": {
                    "name": "exerciseId",
                    "isArray": false,
                    "type": "ID",
                    "isRequired": true,
                    "attributes": []
                },
                "completionCount": {
                    "name": "completionCount",
                    "isArray": false,
                    "type": "Int",
                    "isRequired": false,
                    "attributes": []
                },
                "lastCompletedAt": {
                    "name": "lastCompletedAt",
                    "isArray": false,
                    "type": "AWSDateTime",
                    "isRequired": false,
                    "attributes": []
                },
                "averageCompletionTime": {
                    "name": "averageCompletionTime",
                    "isArray": false,
                    "type": "Int",
                    "isRequired": false,
                    "attributes": []
                },
                "averageMoodRating": {
                    "name": "averageMoodRating",
                    "isArray": false,
                    "type": "Float",
                    "isRequired": false,
                    "attributes": []
                },
                "bestStreak": {
                    "name": "bestStreak",
                    "isArray": false,
                    "type": "Int",
                    "isRequired": false,
                    "attributes": []
                },
                "currentStreak": {
                    "name": "currentStreak",
                    "isArray": false,
                    "type": "Int",
                    "isRequired": false,
                    "attributes": []
                },
                "totalTimeSpent": {
                    "name": "totalTimeSpent",
                    "isArray": false,
                    "type": "Int",
                    "isRequired": false,
                    "attributes": []
                },
                "insights": {
                    "name": "insights",
                    "isArray": true,
                    "type": "String",
                    "isRequired": false,
                    "attributes": [],
                    "isArrayNullable": true
                },
                "exercise": {
                    "name": "exercise",
                    "isArray": false,
                    "type": {
                        "model": "Exercise"
                    },
                    "isRequired": false,
                    "attributes": [],
                    "association": {
                        "connectionType": "BELONGS_TO",
                        "targetNames": [
                            "exerciseId"
                        ]
                    }
                },
                "createdAt": {
                    "name": "createdAt",
                    "isArray": false,
                    "type": "AWSDateTime",
                    "isRequired": false,
                    "attributes": [],
                    "isReadOnly": true
                },
                "updatedAt": {
                    "name": "updatedAt",
                    "isArray": false,
                    "type": "AWSDateTime",
                    "isRequired": false,
                    "attributes": [],
                    "isReadOnly": true
                }
            },
            "syncable": true,
            "pluralName": "UserProgresses",
            "attributes": [
                {
                    "type": "model",
                    "properties": {}
                },
                {
                    "type": "auth",
                    "properties": {
                        "rules": [
                            {
                                "provider": "userPools",
                                "ownerField": "owner",
                                "allow": "owner",
                                "identityClaim": "cognito:username",
                                "operations": [
                                    "create",
                                    "update",
                                    "delete",
                                    "read"
                                ]
                            }
                        ]
                    }
                }
            ],
            "primaryKeyInfo": {
                "isCustomPrimaryKey": false,
                "primaryKeyFieldName": "id",
                "sortKeyFieldNames": []
            }
        }
    },
    "enums": {
        "ExerciseCategory": {
            "name": "ExerciseCategory",
            "values": [
                "mindset",
                "motivation",
                "goals",
                "reflection",
                "gratitude",
                "vision"
            ]
        },
        "ExercisePromptType": {
            "name": "ExercisePromptType",
            "values": [
                "text",
                "audio",
                "video"
            ]
        },
        "UserSessionSessionType": {
            "name": "UserSessionSessionType",
            "values": [
                "exercise",
                "reflection",
                "goal_setting",
                "review"
            ]
        },
        "UserSessionCompletionStatus": {
            "name": "UserSessionCompletionStatus",
            "values": [
                "started",
                "completed",
                "paused",
                "abandoned"
            ]
        }
    },
    "nonModels": {}
}